{"collecting_rates": -0.40027303182579566, "redistribution_rates": 0.14922110552763815, "catch": 0.5794815745393634, "fine_rate": 0.3687219430485762}