{"collecting_rates": -0.2130138985941401, "redistribution_rates": 0.14255036387990375, "catch": 0.29877591975488693, "fine_rate": 0.33548322943322534}