{"collecting_rates": 0.4120959224656183, "redistribution_rates": 0.040936624381514256, "catch": 0.120060990625217, "fine_rate": 0.006239196403535069}