{"collecting_rates": -0.2306412964935835, "redistribution_rates": 0.09338135354225206, "catch": 0.2489572311873442, "fine_rate": 0.2679382490010107}